Índice,Tempo de consulta (s)
1,8.871525875
2,2.337790022
3,6.848504364
4,0.246611526
5,2.994647969
6,8.743844705
7,5.730961219
8,0.551700592
9,8.981901688
10,3.081686646
